SET_SPLIT,CLIENT_ID,TARGET
TRAIN,1,1
TRAIN,2,0
TRAIN,7,1
TRAIN,8,1
TRAIN,9,1
TRAIN,10,1
TRAIN,13,1
TRAIN,14,1
TRAIN,15,1
TRAIN,17,1
TRAIN,20,1
TRAIN,21,1
TRAIN,22,1
TRAIN,24,1
TRAIN,26,1
TRAIN,27,1
TRAIN,28,1
TRAIN,29,1
TRAIN,30,1
TRAIN,31,0
TRAIN,32,1
TRAIN,33,1
TRAIN,36,1
TRAIN,39,1
TRAIN,40,1
TRAIN,41,1
TRAIN,42,1
TRAIN,43,1
TRAIN,45,0
TRAIN,46,0
TRAIN,47,1
TRAIN,49,1
TRAIN,50,1
TRAIN,52,1
TRAIN,55,1
TRAIN,56,1
TRAIN,58,1
TRAIN,60,1
TRAIN,61,1
TRAIN,63,1
TRAIN,64,1
TRAIN,65,1
TRAIN,66,1
TRAIN,67,1
TRAIN,68,1
TRAIN,70,1
TRAIN,72,1
TRAIN,73,1
TRAIN,75,1
TRAIN,76,1
TRAIN,78,0
TRAIN,79,1
TRAIN,80,1
TRAIN,81,1
TRAIN,83,1
TRAIN,85,1
TRAIN,89,1
TRAIN,90,1
TRAIN,91,1
TRAIN,92,1
TRAIN,93,1
TRAIN,94,1
TRAIN,97,1
TRAIN,100,1
TRAIN,101,1
TRAIN,102,1
TRAIN,105,1
TRAIN,106,1
TRAIN,107,1
TRAIN,108,1
TRAIN,110,1
TRAIN,112,1
TRAIN,114,1
TRAIN,116,0
TRAIN,118,1
TRAIN,120,1
TRAIN,122,1
TRAIN,124,0
TRAIN,128,1
TRAIN,129,1
TRAIN,130,1
TRAIN,131,1
TRAIN,132,0
TRAIN,136,1
TRAIN,137,1
TRAIN,138,1
TRAIN,139,1
TRAIN,141,1
TRAIN,142,1
TRAIN,143,1
TRAIN,144,1
TRAIN,145,1
TRAIN,146,1
TRAIN,149,1
TRAIN,150,1
TRAIN,151,1
TRAIN,152,1
TRAIN,154,1
TRAIN,156,1
TRAIN,157,1
TRAIN,160,1
TRAIN,161,1
TRAIN,162,1
TRAIN,163,1
TRAIN,165,1
TRAIN,167,1
TRAIN,168,1
TRAIN,169,1
TRAIN,171,1
TRAIN,173,1
TRAIN,176,1
TRAIN,178,1
TRAIN,179,1
TRAIN,181,1
TRAIN,183,1
TRAIN,185,1
TRAIN,186,1
TRAIN,187,1
TRAIN,188,1
TRAIN,189,1
TRAIN,190,1
TRAIN,192,1
TRAIN,193,1
TRAIN,194,1
TRAIN,195,1
TRAIN,198,1
TRAIN,199,1
TRAIN,201,1
TRAIN,202,1
TRAIN,203,1
TRAIN,206,1
TRAIN,207,1
TRAIN,208,1
TRAIN,210,0
TRAIN,212,1
TRAIN,215,0
TRAIN,216,1
TRAIN,218,1
TRAIN,221,1
TRAIN,222,1
TRAIN,224,1
TRAIN,225,1
TRAIN,227,1
TRAIN,228,1
TRAIN,229,1
TRAIN,230,1
TRAIN,232,1
TRAIN,233,1
TRAIN,236,1
TRAIN,240,1
TRAIN,241,1
TRAIN,242,1
TRAIN,243,1
TRAIN,246,1
TRAIN,247,1
TRAIN,250,1
TRAIN,252,1
TRAIN,253,1
TRAIN,255,1
TRAIN,256,1
TRAIN,257,1
TRAIN,261,1
TRAIN,262,1
TRAIN,264,1
TRAIN,265,1
TRAIN,267,1
TRAIN,269,1
TRAIN,270,1
TRAIN,272,0
TRAIN,273,1
TRAIN,274,1
TRAIN,276,1
TRAIN,278,1
TRAIN,280,1
TRAIN,282,1
TRAIN,285,1
TRAIN,288,1
TRAIN,289,1
TRAIN,290,1
TRAIN,292,1
TRAIN,294,1
TRAIN,300,1
TRAIN,303,1
TRAIN,308,1
TRAIN,309,1
TRAIN,311,1
TRAIN,312,1
TRAIN,313,1
TRAIN,315,1
TRAIN,316,1
TRAIN,317,1
TRAIN,318,1
TRAIN,319,1
TRAIN,321,1
TRAIN,324,1
TRAIN,325,1
TRAIN,326,1
TRAIN,329,1
TRAIN,330,1
TRAIN,331,1
TRAIN,335,1
TRAIN,338,1
TRAIN,339,1
TRAIN,341,1
TRAIN,345,1
TRAIN,347,1
TRAIN,349,1
TRAIN,351,1
TRAIN,352,0
TRAIN,353,1
TRAIN,354,1
TRAIN,356,1
TRAIN,358,1
TRAIN,360,1
TRAIN,361,1
TRAIN,362,1
TRAIN,364,1
TRAIN,365,1
TRAIN,367,1
TRAIN,369,1
TRAIN,370,0
TRAIN,372,1
TRAIN,373,1
TRAIN,374,1
TRAIN,375,1
TRAIN,378,1
TRAIN,380,1
TRAIN,381,1
TRAIN,385,1
TRAIN,387,1
TRAIN,388,1
TRAIN,389,0
TRAIN,390,1
TRAIN,391,1
TRAIN,392,1
TRAIN,396,1
TRAIN,397,1
TRAIN,398,1
TRAIN,399,1
TRAIN,403,0
TRAIN,405,1
TRAIN,407,1
TRAIN,408,1
TRAIN,409,1
TRAIN,413,1
TRAIN,416,1
TRAIN,419,1
TRAIN,421,0
TRAIN,422,1
TRAIN,423,1
TRAIN,424,0
TRAIN,426,0
TRAIN,430,1
TRAIN,432,1
TRAIN,433,1
TRAIN,435,1
TRAIN,436,1
TRAIN,437,1
TRAIN,438,1
TRAIN,439,1
TRAIN,440,1
TRAIN,441,1
TRAIN,442,1
TRAIN,444,1
TRAIN,445,1
TRAIN,450,1
TRAIN,451,1
TRAIN,452,1
TRAIN,453,1
TRAIN,454,1
TRAIN,455,1
TRAIN,456,1
TRAIN,458,0
TRAIN,459,1
TRAIN,461,1
TRAIN,462,1
TRAIN,463,1
TRAIN,464,1
TRAIN,465,1
TRAIN,466,1
TRAIN,468,1
TRAIN,470,1
TRAIN,476,1
TRAIN,478,1
TRAIN,479,1
TRAIN,483,1
TRAIN,484,1
TRAIN,485,1
TRAIN,486,1
TRAIN,487,1
TRAIN,489,1
TRAIN,490,1
TRAIN,491,1
TRAIN,492,1
TRAIN,493,1
TRAIN,494,1
TRAIN,495,1
TRAIN,496,1
TRAIN,497,1
TRAIN,499,1
TRAIN,500,1
TRAIN,501,1
TRAIN,502,1
TRAIN,503,1
TRAIN,504,1
TRAIN,505,1
TRAIN,506,1
TRAIN,507,1
TRAIN,508,1
TRAIN,509,1
TRAIN,512,0
TRAIN,513,1
TRAIN,517,1
TRAIN,519,1
TRAIN,520,1
TRAIN,521,1
TRAIN,522,1
TRAIN,523,1
TRAIN,524,1
TRAIN,526,1
TRAIN,528,1
TRAIN,529,1
TRAIN,530,0
TRAIN,531,1
TRAIN,533,0
TRAIN,534,1
TRAIN,535,1
TRAIN,536,1
TRAIN,537,1
TRAIN,538,1
TRAIN,540,1
TRAIN,542,1
TRAIN,543,1
TRAIN,545,1
TRAIN,546,1
TRAIN,547,1
TRAIN,548,1
TRAIN,550,1
TRAIN,552,1
TRAIN,556,1
TRAIN,557,1
TRAIN,558,1
TRAIN,559,1
TRAIN,561,1
TRAIN,562,1
TRAIN,563,1
TRAIN,565,1
TRAIN,566,1
TRAIN,568,0
TRAIN,569,1
TRAIN,570,1
TRAIN,571,1
TRAIN,573,1
TRAIN,574,1
TRAIN,575,1
TRAIN,577,1
TRAIN,578,1
TRAIN,581,1
TRAIN,582,1
TRAIN,583,1
TRAIN,584,1
TRAIN,585,1
TRAIN,587,1
TRAIN,588,1
TRAIN,589,1
TRAIN,590,1
TRAIN,591,1
TRAIN,592,1
TRAIN,593,1
TRAIN,596,1
TRAIN,597,1
TRAIN,598,1
TRAIN,601,1
TRAIN,603,0
TRAIN,604,1
TRAIN,605,1
TRAIN,606,1
TRAIN,607,1
TRAIN,608,1
TRAIN,609,1
TRAIN,613,1
TRAIN,614,1
TRAIN,615,1
TRAIN,616,1
TRAIN,617,1
TRAIN,618,1
TRAIN,621,1
TRAIN,625,1
TRAIN,627,1
TRAIN,629,1
TRAIN,630,1
TRAIN,632,1
TRAIN,637,1
TRAIN,638,1
TRAIN,639,1
TRAIN,640,1
TRAIN,641,1
TRAIN,643,1
TRAIN,644,1
TRAIN,645,1
TRAIN,646,1
TRAIN,651,1
TRAIN,652,1
TRAIN,653,1
TRAIN,655,0
TRAIN,656,1
TRAIN,659,1
TRAIN,664,1
TRAIN,665,1
TRAIN,669,1
TRAIN,670,1
TRAIN,674,1
TRAIN,675,1
TRAIN,676,1
TRAIN,677,1
TRAIN,678,1
TRAIN,679,1
TRAIN,681,1
TRAIN,682,1
TRAIN,683,1
TRAIN,684,1
TRAIN,685,1
TRAIN,686,1
TRAIN,689,1
TRAIN,690,1
TRAIN,692,1
TRAIN,694,1
TRAIN,695,1
TRAIN,698,1
TRAIN,699,1
TRAIN,700,1
TRAIN,702,1
TRAIN,703,1
TRAIN,705,1
TRAIN,707,1
TRAIN,710,1
TRAIN,713,1
TRAIN,716,1
TRAIN,717,1
TRAIN,719,1
TRAIN,721,1
TRAIN,723,1
TRAIN,725,1
TRAIN,726,1
TRAIN,729,1
TRAIN,731,1
TRAIN,733,1
TRAIN,735,1
TRAIN,738,1
TRAIN,741,1
TRAIN,742,1
TRAIN,744,1
TRAIN,745,1
TRAIN,748,1
TRAIN,750,1
TRAIN,751,1
TRAIN,752,1
TRAIN,755,1
TRAIN,757,1
TRAIN,758,1
TRAIN,759,1
TRAIN,760,1
TRAIN,762,1
TRAIN,765,1
TRAIN,766,1
TRAIN,768,1
TRAIN,769,1
TRAIN,774,1
TRAIN,776,1
TRAIN,778,1
TRAIN,779,1
TRAIN,780,1
TRAIN,781,1
TRAIN,782,1
TRAIN,783,1
TRAIN,785,1
TRAIN,786,1
TRAIN,787,1
TRAIN,788,1
TRAIN,790,1
TRAIN,791,1
TRAIN,796,1
TRAIN,797,1
TRAIN,798,0
TRAIN,803,1
TRAIN,806,1
TRAIN,807,1
TRAIN,808,1
TRAIN,810,0
TRAIN,813,1
TRAIN,814,1
TRAIN,815,1
TRAIN,816,1
TRAIN,818,1
TRAIN,819,1
TRAIN,821,1
TRAIN,822,1
TRAIN,823,1
TRAIN,824,1
TRAIN,825,1
TRAIN,826,1
TRAIN,829,1
TRAIN,831,1
TRAIN,832,1
TRAIN,833,1
TRAIN,834,1
TRAIN,835,1
TRAIN,837,1
TRAIN,842,1
TRAIN,843,1
TRAIN,846,1
TRAIN,849,1
TRAIN,853,1
TRAIN,854,1
TRAIN,855,1
TRAIN,856,1
TRAIN,857,1
TRAIN,858,1
TRAIN,859,1
TRAIN,861,0
TRAIN,862,1
TRAIN,864,1
TRAIN,866,1
TRAIN,871,1
TRAIN,872,1
TRAIN,873,1
TRAIN,874,1
TRAIN,876,1
TRAIN,877,1
TRAIN,879,1
TRAIN,880,1
TRAIN,881,1
TRAIN,883,1
TRAIN,885,1
TRAIN,886,1
TRAIN,887,1
TRAIN,891,1
TRAIN,892,1
TRAIN,893,1
TRAIN,894,1
TRAIN,895,1
TRAIN,896,1
TRAIN,900,1
TRAIN,901,1
TRAIN,903,1
TRAIN,904,1
TRAIN,905,1
TRAIN,906,1
TRAIN,910,1
TRAIN,911,1
TRAIN,912,1
TRAIN,913,1
TRAIN,915,1
TRAIN,916,1
TRAIN,917,1
TRAIN,918,1
TRAIN,921,1
TRAIN,922,1
TRAIN,924,1
TRAIN,927,1
TRAIN,928,1
TRAIN,929,1
TRAIN,930,1
TRAIN,932,1
TRAIN,935,1
TRAIN,938,1
TRAIN,939,0
TRAIN,940,1
TRAIN,941,1
TRAIN,946,0
TRAIN,948,1
TRAIN,949,1
TRAIN,950,1
TRAIN,953,1
TRAIN,954,1
TRAIN,955,1
TRAIN,957,1
TRAIN,959,1
TRAIN,960,1
TRAIN,961,1
TRAIN,962,1
TRAIN,963,1
TRAIN,965,1
TRAIN,967,1
TRAIN,968,0
TRAIN,970,1
TRAIN,973,1
TRAIN,975,1
TRAIN,977,1
TRAIN,980,0
TRAIN,981,0
TRAIN,986,1
TRAIN,988,1
TRAIN,990,1
TRAIN,991,1
TRAIN,992,0
TRAIN,993,1
TRAIN,994,1
TRAIN,996,1
TRAIN,997,1
TRAIN,999,1
TRAIN,1001,1
TRAIN,1003,1
TRAIN,1004,1
TRAIN,1008,1
TRAIN,1009,1
TRAIN,1011,1
TRAIN,1012,1
TRAIN,1015,1
TRAIN,1017,1
TRAIN,1018,1
TRAIN,1019,1
TRAIN,1020,0
TRAIN,1021,1
TRAIN,1022,1
TRAIN,1023,1
TRAIN,1024,1
TRAIN,1025,1
TRAIN,1026,1
TRAIN,1027,1
TRAIN,1030,1
TRAIN,1031,1
TRAIN,1032,1
TRAIN,1034,1
TRAIN,1035,1
TRAIN,1038,1
TRAIN,1041,1
TRAIN,1042,1
TRAIN,1044,1
TRAIN,1046,1
TRAIN,1047,1
TRAIN,1048,1
TRAIN,1049,1
TRAIN,1050,1
TRAIN,1051,0
TRAIN,1052,1
TRAIN,1056,1
TRAIN,1057,1
TRAIN,1058,1
TRAIN,1059,1
TRAIN,1062,1
TRAIN,1064,1
TRAIN,1065,1
TRAIN,1066,1
TRAIN,1067,1
TRAIN,1068,1
TRAIN,1071,1
TRAIN,1072,1
TRAIN,1073,1
TRAIN,1077,1
TRAIN,1078,1
TRAIN,1080,1
TRAIN,1082,1
TRAIN,1083,1
TRAIN,1086,1
TRAIN,1088,1
TRAIN,1089,1
TRAIN,1090,1
TRAIN,1092,1
TRAIN,1093,1
TRAIN,1096,1
TRAIN,1098,1
TRAIN,1099,1
TRAIN,1100,1
TRAIN,1102,0
TRAIN,1103,1
TRAIN,1105,1
TRAIN,1107,1
TRAIN,1109,1
TRAIN,1111,1
TRAIN,1112,1
TRAIN,1113,1
TRAIN,1114,1
TRAIN,1116,1
TRAIN,1117,1
TRAIN,1119,1
TRAIN,1120,1
TRAIN,1121,1
TRAIN,1122,1
TRAIN,1124,1
TRAIN,1125,1
TRAIN,1127,1
TRAIN,1129,1
TRAIN,1131,1
TRAIN,1135,1
TRAIN,1136,1
TRAIN,1137,1
TRAIN,1138,1
TRAIN,1140,1
TRAIN,1141,1
TRAIN,1142,1
TRAIN,1145,1
TRAIN,1147,1
TRAIN,1148,1
TRAIN,1150,1
TRAIN,1151,1
TRAIN,1153,1
TRAIN,1154,1
TRAIN,1158,1
TRAIN,1159,1
TRAIN,1161,1
TRAIN,1162,1
TRAIN,1166,1
TRAIN,1168,1
TRAIN,1169,1
TRAIN,1170,1
TRAIN,1171,1
TRAIN,1172,1
TRAIN,1174,1
TRAIN,1175,1
TRAIN,1177,1
TRAIN,1178,1
TRAIN,1179,1
TRAIN,1181,1
TRAIN,1182,1
TRAIN,1186,1
TRAIN,1187,1
TRAIN,1190,1
TRAIN,1192,1
TRAIN,1193,1
TRAIN,1194,1
TRAIN,1196,1
TRAIN,1197,0
TRAIN,1199,1
TRAIN,1201,1
TRAIN,1202,1
TRAIN,1204,1
TRAIN,1206,1
TRAIN,1207,1
TRAIN,1210,1
TRAIN,1211,1
TRAIN,1212,1
TRAIN,1213,1
TRAIN,1214,1
TRAIN,1215,0
TRAIN,1216,0
TRAIN,1217,1
TRAIN,1218,1
TRAIN,1219,1
TRAIN,1220,1
TRAIN,1221,1
TRAIN,1224,1
TRAIN,1225,1
TRAIN,1226,1
TRAIN,1228,1
TRAIN,1229,1
TRAIN,1231,1
TRAIN,1234,1
TRAIN,1237,1
TRAIN,1238,1
TRAIN,1239,1
TRAIN,1240,1
TRAIN,1241,1
TRAIN,1243,1
TRAIN,1244,1
TRAIN,1245,1
TRAIN,1246,1
TRAIN,1251,1
TRAIN,1253,1
TRAIN,1254,1
TRAIN,1256,1
TRAIN,1257,1
TRAIN,1259,1
TRAIN,1260,1
TRAIN,1262,1
TRAIN,1265,1
TRAIN,1266,1
TRAIN,1269,1
TRAIN,1270,1
TRAIN,1271,1
TRAIN,1272,1
TRAIN,1273,1
TRAIN,1274,1
TRAIN,1275,1
TRAIN,1276,1
TRAIN,1277,1
TRAIN,1279,1
TRAIN,1280,1
TRAIN,1285,1
TRAIN,1286,0
TRAIN,1287,1
TRAIN,1288,1
TRAIN,1289,1
TRAIN,1290,1
TRAIN,1292,1
TRAIN,1295,1
TRAIN,1296,1
TRAIN,1297,1
TRAIN,1300,0
TRAIN,1303,1
TRAIN,1306,1
TRAIN,1308,1
TRAIN,1309,1
TRAIN,1311,0
TRAIN,1312,1
TRAIN,1313,1
TRAIN,1315,1
TRAIN,1316,1
TRAIN,1318,1
TRAIN,1321,1
TRAIN,1322,1
TRAIN,1323,1
TRAIN,1324,1
TRAIN,1325,1
TRAIN,1326,1
TRAIN,1327,0
TRAIN,1328,1
TRAIN,1330,1
TRAIN,1331,1
TRAIN,1334,1
TRAIN,1335,1
TRAIN,1337,1
TRAIN,1340,1
TRAIN,1341,1
TRAIN,1343,1
TRAIN,1345,1
TRAIN,1349,1
TRAIN,1350,1
TRAIN,1352,1
TRAIN,1353,1
TRAIN,1354,1
TRAIN,1355,1
TRAIN,1356,1
TRAIN,1359,1
TRAIN,1361,1
TRAIN,1363,1
TRAIN,1364,1
TRAIN,1366,1
TRAIN,1367,1
TRAIN,1369,1
TRAIN,1370,1
TRAIN,1371,1
TRAIN,1372,1
TRAIN,1373,1
TRAIN,1375,1
TRAIN,1376,1
TRAIN,1380,1
TRAIN,1382,1
TRAIN,1384,1
TRAIN,1385,1
TRAIN,1387,1
TRAIN,1388,1
TRAIN,1389,1
TRAIN,1392,1
TRAIN,1394,1
TRAIN,1397,1
TRAIN,1402,1
TRAIN,1406,1
TRAIN,1408,1
TRAIN,1409,1
TRAIN,1410,1
TRAIN,1412,1
TRAIN,1413,1
TRAIN,1414,1
TRAIN,1416,1
TRAIN,1417,1
TRAIN,1418,1
TRAIN,1419,1
TRAIN,1421,1
TRAIN,1422,1
TRAIN,1424,1
TRAIN,1425,1
TRAIN,1428,1
TRAIN,1431,1
TRAIN,1433,1
TRAIN,1438,1
TRAIN,1440,1
TRAIN,1441,1
TRAIN,1443,1
TRAIN,1445,1
TRAIN,1446,1
TRAIN,1448,1
TRAIN,1449,1
TRAIN,1450,1
TRAIN,1452,1
TRAIN,1453,1
TRAIN,1456,1
TRAIN,1458,1
TRAIN,1459,1
TRAIN,1460,1
TRAIN,1461,1
TRAIN,1462,1
TRAIN,1464,1
TRAIN,1466,1
TRAIN,1469,1
TRAIN,1470,1
TRAIN,1473,1
TRAIN,1474,1
TRAIN,1475,1
TRAIN,1476,1
TRAIN,1478,1
TRAIN,1480,1
TRAIN,1481,1
TRAIN,1482,1
TRAIN,1483,1
TRAIN,1487,1
TRAIN,1488,1
TRAIN,1489,1
TRAIN,1490,1
TRAIN,1495,1
TRAIN,1499,0
TRAIN,1502,1
TRAIN,1503,1
TRAIN,1505,0
TRAIN,1506,1
TRAIN,1508,1
TRAIN,1510,1
TRAIN,1511,0
TRAIN,1512,1
TRAIN,1514,1
TRAIN,1517,1
TRAIN,1518,1
TRAIN,1520,1
TRAIN,1521,1
TRAIN,1522,1
TRAIN,1523,1
TRAIN,1524,1
TRAIN,1525,1
TRAIN,1527,1
TRAIN,1528,1
TRAIN,1529,1
TRAIN,1530,1
TRAIN,1533,0
TRAIN,1534,1
TRAIN,1535,1
TRAIN,1537,1
TRAIN,1539,1
TRAIN,1540,1
TRAIN,1546,1
TRAIN,1548,1
TRAIN,1550,1
TRAIN,1555,1
TRAIN,1556,1
TRAIN,1557,1
TRAIN,1558,1
TRAIN,1559,1
TRAIN,1561,1
TRAIN,1563,1
TRAIN,1564,1
TRAIN,1565,1
TRAIN,1567,1
TRAIN,1569,1
TRAIN,1571,1
TRAIN,1572,1
TRAIN,1574,1
TRAIN,1575,1
TRAIN,1577,1
TRAIN,1578,1
TRAIN,1579,1
TRAIN,1580,1
TRAIN,1582,1
TRAIN,1584,1
TRAIN,1585,1
TRAIN,1588,1
TRAIN,1589,1
TRAIN,1590,1
TRAIN,1591,1
TRAIN,1592,1
TRAIN,1594,0
TRAIN,1595,1
TRAIN,1596,1
TRAIN,1598,1
TRAIN,1599,1
TRAIN,1601,1
TRAIN,1603,1
TRAIN,1607,1
TRAIN,1608,0
TRAIN,1610,1
TRAIN,1611,1
TRAIN,1613,1
TRAIN,1614,1
TRAIN,1615,1
TRAIN,1616,1
TRAIN,1617,1
TRAIN,1618,1
TRAIN,1621,1
TRAIN,1624,1
TRAIN,1628,1
TRAIN,1631,1
TRAIN,1632,1
TRAIN,1633,1
TRAIN,1635,1
TRAIN,1637,1
TRAIN,1638,1
TRAIN,1639,1
TRAIN,1640,1
TRAIN,1641,1
TRAIN,1642,1
TRAIN,1643,1
TRAIN,1644,1
TRAIN,1646,1
TRAIN,1647,1
TRAIN,1648,1
TRAIN,1651,1
TRAIN,1653,1
TRAIN,1654,1
TRAIN,1655,1
TRAIN,1656,1
TRAIN,1658,1
TRAIN,1661,1
TRAIN,1662,0
TRAIN,1663,0
TRAIN,1664,1
TRAIN,1666,1
TRAIN,1669,1
TRAIN,1671,1
TRAIN,1673,1
TRAIN,1674,1
TRAIN,1675,1
TRAIN,1676,1
TRAIN,1679,1
TRAIN,1680,1
TRAIN,1681,0
TRAIN,1682,1
TRAIN,1685,1
TRAIN,1686,1
TRAIN,1688,1
TRAIN,1689,1
TRAIN,1690,1
TRAIN,1691,1
TRAIN,1692,1
TRAIN,1693,1
TRAIN,1697,1
TRAIN,1699,1
TRAIN,1700,1
TRAIN,1702,1
TRAIN,1703,1
TRAIN,1705,0
TRAIN,1707,1
TRAIN,1709,1
TRAIN,1710,1
TRAIN,1711,1
TRAIN,1713,1
TRAIN,1714,1
TRAIN,1717,1
TRAIN,1718,1
TRAIN,1719,1
TRAIN,1720,1
TRAIN,1724,1
TRAIN,1729,1
TRAIN,1730,1
TRAIN,1731,1
TRAIN,1733,1
TRAIN,1736,1
TRAIN,1737,1
TRAIN,1741,1
TRAIN,1742,1
TRAIN,1743,1
TRAIN,1744,1
TRAIN,1745,1
TRAIN,1748,1
TRAIN,1749,1
TRAIN,1750,1
TRAIN,1751,1
TRAIN,1752,1
TRAIN,1753,1
TRAIN,1754,1
TRAIN,1758,1
TRAIN,1760,1
TRAIN,1761,1
TRAIN,1763,1
TRAIN,1764,1
TRAIN,1765,1
TRAIN,1768,1
TRAIN,1769,1
TRAIN,1772,1
TRAIN,1774,1
TRAIN,1775,1
TRAIN,1776,1
TRAIN,1777,1
TRAIN,1779,1
TRAIN,1780,1
TRAIN,1781,1
TRAIN,1784,1
TRAIN,1785,1
TRAIN,1786,1
TRAIN,1788,1
TRAIN,1789,1
TRAIN,1790,1
TRAIN,1792,1
TRAIN,1799,1
TRAIN,1800,1
TRAIN,1803,1
TRAIN,1806,1
TRAIN,1809,1
TRAIN,1810,1
TRAIN,1811,1
TRAIN,1812,1
TRAIN,1814,1
TRAIN,1815,1
TRAIN,1816,0
TRAIN,1817,1
TRAIN,1819,1
TRAIN,1820,1
TRAIN,1821,1
TRAIN,1822,1
TRAIN,1824,1
TRAIN,1825,1
TRAIN,1826,1
TRAIN,1828,1
TRAIN,1829,1
TRAIN,1830,1
TRAIN,1831,1
TRAIN,1834,1
TRAIN,1836,1
TRAIN,1837,1
TRAIN,1841,1
TRAIN,1842,1
TRAIN,1843,1
TRAIN,1847,1
TRAIN,1848,1
TRAIN,1849,1
TRAIN,1850,1
TRAIN,1851,0
TRAIN,1853,1
TRAIN,1854,1
TRAIN,1856,1
TRAIN,1860,1
TRAIN,1862,1
TRAIN,1863,1
TRAIN,1864,1
TRAIN,1867,1
TRAIN,1868,1
TRAIN,1869,1
TRAIN,1871,1
TRAIN,1875,1
TRAIN,1877,1
TRAIN,1880,1
TRAIN,1884,1
TRAIN,1885,1
TRAIN,1886,1
TRAIN,1887,1
TRAIN,1888,1
TRAIN,1890,1
TRAIN,1891,1
TRAIN,1894,1
TRAIN,1895,1
TRAIN,1897,1
TRAIN,1898,1
TRAIN,1899,1
TRAIN,1900,1
TRAIN,1903,1
TRAIN,1904,1
TRAIN,1905,1
TRAIN,1906,1
TRAIN,1907,1
TRAIN,1908,1
TRAIN,1909,1
TRAIN,1910,1
TRAIN,1911,1
TRAIN,1913,0
TRAIN,1914,1
TRAIN,1916,1
TRAIN,1917,0
TRAIN,1919,1
TRAIN,1921,1
TRAIN,1929,1
TRAIN,1930,1
TRAIN,1934,1
TRAIN,1935,1
TRAIN,1936,1
TRAIN,1938,1
TRAIN,1939,1
TRAIN,1941,1
TRAIN,1943,1
TRAIN,1944,0
TRAIN,1945,1
TRAIN,1946,1
TRAIN,1950,1
TRAIN,1951,1
TRAIN,1952,1
TRAIN,1954,1
TRAIN,1956,1
TRAIN,1959,1
TRAIN,1960,1
TRAIN,1961,1
TRAIN,1962,1
TRAIN,1963,1
TRAIN,1966,1
TRAIN,1967,1
TRAIN,1971,1
TRAIN,1972,1
TRAIN,1974,1
TRAIN,1976,1
TRAIN,1977,1
TRAIN,1979,1
TRAIN,1982,1
TRAIN,1984,1
TRAIN,1985,0
TRAIN,1988,1
TRAIN,1991,1
TRAIN,1996,1
TRAIN,1998,1
TRAIN,2000,1
TRAIN,2001,1
TRAIN,2002,1
TRAIN,2004,1
TRAIN,2005,1
TRAIN,2008,0
TRAIN,2009,1
TRAIN,2011,1
TRAIN,2013,1
TRAIN,2016,1
TRAIN,2018,1
TRAIN,2019,1
TRAIN,2021,1
TRAIN,2022,1
TRAIN,2024,1
TRAIN,2025,1
TRAIN,2029,1
TRAIN,2030,1
TRAIN,2034,1
TRAIN,2037,1
TRAIN,2038,1
TRAIN,2039,1
TRAIN,2040,1
TRAIN,2041,1
TRAIN,2045,1
TRAIN,2047,1
TRAIN,2048,1
TRAIN,2049,1
TRAIN,2051,1
TRAIN,2053,1
TRAIN,2054,1
TRAIN,2057,1
TRAIN,2059,1
TRAIN,2061,1
TRAIN,2064,1
TRAIN,2065,1
TRAIN,2066,1
TRAIN,2068,1
TRAIN,2070,1
TRAIN,2071,1
TRAIN,2073,1
TRAIN,2074,1
TRAIN,2075,1
TRAIN,2077,1
TRAIN,2079,1
TRAIN,2081,1
TRAIN,2083,0
TRAIN,2086,1
TRAIN,2087,1
TRAIN,2088,1
TRAIN,2089,1
TRAIN,2091,1
TRAIN,2093,1
TRAIN,2095,1
TRAIN,2096,1
TRAIN,2097,1
TRAIN,2099,1
TRAIN,2100,1
TRAIN,2102,1
TRAIN,2103,1
TRAIN,2108,1
TRAIN,2111,1
TRAIN,2112,1
TRAIN,2113,1
TRAIN,2116,1
TRAIN,2117,1
TRAIN,2119,1
TRAIN,2121,1
TRAIN,2124,1
TRAIN,2128,1
TRAIN,2130,1
TRAIN,2131,1
TRAIN,2135,1
TRAIN,2136,0
TRAIN,2137,1
TRAIN,2138,1
TRAIN,2139,1
TRAIN,2141,0
TRAIN,2142,1
TRAIN,2144,1
TRAIN,2145,1
TRAIN,2146,1
TRAIN,2147,1
TRAIN,2148,0
TRAIN,2150,1
TRAIN,2152,1
TRAIN,2153,0
TRAIN,2154,1
TRAIN,2155,1
TRAIN,2157,1
TRAIN,2159,1
TRAIN,2160,1
TRAIN,2161,1
TRAIN,2163,1
TRAIN,2164,1
TRAIN,2166,0
TRAIN,2168,1
TRAIN,2170,1
TRAIN,2171,1
TRAIN,2172,1
TRAIN,2173,1
TRAIN,2175,1
TRAIN,2176,1
TRAIN,2178,1
TRAIN,2179,1
TRAIN,2180,1
TRAIN,2181,0
TRAIN,2182,1
TRAIN,2184,1
TRAIN,2185,1
TRAIN,2186,1
TRAIN,2187,1
TRAIN,2189,1
TRAIN,2190,0
TRAIN,2192,1
TRAIN,2194,1
TRAIN,2195,0
TRAIN,2196,1
TRAIN,2197,1
TRAIN,2200,1
TRAIN,2201,1
TRAIN,2203,1
TRAIN,2204,1
TRAIN,2205,0
TRAIN,2206,1
TRAIN,2209,1
TRAIN,2211,1
TRAIN,2212,1
TRAIN,2213,1
TRAIN,2214,1
TRAIN,2215,1
TRAIN,2218,1
TRAIN,2220,1
TRAIN,2222,1
TRAIN,2223,1
TRAIN,2224,1
TRAIN,2225,1
TRAIN,2226,1
TRAIN,2227,1
TRAIN,2228,1
TRAIN,2229,1
TRAIN,2230,1
TRAIN,2235,0
TRAIN,2236,1
TRAIN,2237,1
TRAIN,2239,1
TRAIN,2242,1
TRAIN,2246,1
TRAIN,2247,1
TRAIN,2250,1
TRAIN,2252,1
TRAIN,2254,1
TRAIN,2255,1
TRAIN,2256,1
TRAIN,2257,1
TRAIN,2260,1
TRAIN,2263,1
TRAIN,2264,1
TRAIN,2265,1
TRAIN,2266,1
TRAIN,2267,0
TRAIN,2268,1
TRAIN,2269,1
TRAIN,2270,1
TRAIN,2274,1
TRAIN,2276,1
TRAIN,2277,0
TRAIN,2278,1
TRAIN,2279,1
TRAIN,2282,1
TRAIN,2283,1
TRAIN,2286,1
TRAIN,2287,1
TRAIN,2288,0
TRAIN,2290,1
TRAIN,2291,0
TRAIN,2292,1
TRAIN,2295,1
TRAIN,2297,1
TRAIN,2299,1
TRAIN,2300,1
TRAIN,2302,1
TRAIN,2305,1
TRAIN,2307,1
TRAIN,2308,1
TRAIN,2309,1
TRAIN,2310,1
TRAIN,2312,1
TRAIN,2313,1
TRAIN,2314,1
TRAIN,2316,0
TRAIN,2317,1
TRAIN,2318,1
TRAIN,2319,1
TRAIN,2320,1
TRAIN,2321,1
TRAIN,2322,1
TRAIN,2323,1
TRAIN,2324,1
TRAIN,2325,1
TRAIN,2326,1
TRAIN,2328,1
TRAIN,2329,1
TRAIN,2330,1
TRAIN,2331,1
TRAIN,2332,1
TRAIN,2335,1
TRAIN,2338,1
TRAIN,2340,1
TRAIN,2343,1
TRAIN,2344,1
TRAIN,2345,1
TRAIN,2347,1
TRAIN,2348,1
TRAIN,2351,1
TRAIN,2352,1
TRAIN,2353,1
TRAIN,2354,1
TRAIN,2355,1
TRAIN,2358,1
TRAIN,2361,1
TRAIN,2363,1
TRAIN,2365,1
TRAIN,2366,1
TRAIN,2368,1
TRAIN,2370,1
TRAIN,2371,1
TRAIN,2373,1
TRAIN,2377,1
TRAIN,2378,1
TRAIN,2379,1
TRAIN,2383,1
TRAIN,2385,1
TRAIN,2387,1
TRAIN,2388,1
TRAIN,2389,1
TRAIN,2391,1
TRAIN,2392,0
TRAIN,2394,1
TRAIN,2396,1
TRAIN,2397,1
TRAIN,2398,1
TRAIN,2399,1
TRAIN,2400,1
TRAIN,2401,1
TRAIN,2402,1
TRAIN,2403,0
TRAIN,2404,1
TRAIN,2406,1
TRAIN,2407,1
TRAIN,2408,1
TRAIN,2409,1
TRAIN,2412,1
TRAIN,2413,1
TRAIN,2414,1
TRAIN,2416,1
TRAIN,2417,1
TRAIN,2418,1
TRAIN,2419,1
TRAIN,2420,1
TRAIN,2422,0
TRAIN,2423,1
TRAIN,2424,1
TRAIN,2425,1
TRAIN,2426,1
TRAIN,2428,1
TRAIN,2429,1
TRAIN,2430,0
TRAIN,2431,1
TRAIN,2432,1
TRAIN,2434,1
TRAIN,2435,1
TRAIN,2436,1
TRAIN,2437,1
TRAIN,2440,1
TRAIN,2441,1
TRAIN,2443,1
TRAIN,2444,1
TRAIN,2445,1
TRAIN,2447,1
TRAIN,2449,1
TRAIN,2450,1
TRAIN,2451,0
TRAIN,2452,1
TRAIN,2454,1
TRAIN,2455,1
TRAIN,2457,1
TRAIN,2459,1
TRAIN,2460,1
TRAIN,2461,1
TRAIN,2462,1
TRAIN,2463,1
TRAIN,2465,1
TRAIN,2467,1
TRAIN,2468,1
TRAIN,2469,1
TRAIN,2470,0
TRAIN,2474,1
TRAIN,2476,1
TRAIN,2478,1
TRAIN,2479,1
TRAIN,2481,1
TRAIN,2484,1
TRAIN,2485,1
TRAIN,2486,1
TRAIN,2487,1
TRAIN,2488,1
TRAIN,2489,0
TRAIN,2490,1
TRAIN,2491,1
TRAIN,2493,1
TRAIN,2494,0
TRAIN,2495,1
TRAIN,2496,1
TRAIN,2497,1
TRAIN,2498,1
TRAIN,2499,1
TRAIN,2500,1
TRAIN,2501,0
TRAIN,2502,1
TRAIN,2504,1
TRAIN,2506,1
TRAIN,2507,1
TRAIN,2508,1
TRAIN,2510,1
TRAIN,2511,1
TRAIN,2513,1
TRAIN,2514,0
TRAIN,2515,1
TRAIN,2516,1
TRAIN,2517,1
TRAIN,2520,1
TRAIN,2521,1
TRAIN,2522,0
TRAIN,2525,1
TRAIN,2526,1
TRAIN,2528,1
TRAIN,2529,1
TRAIN,2530,1
TRAIN,2532,1
TRAIN,2533,1
TRAIN,2534,1
TRAIN,2536,1
TRAIN,2538,1
TRAIN,2539,1
TRAIN,2542,1
TRAIN,2547,1
TRAIN,2549,1
TRAIN,2550,0
TRAIN,2552,1
TRAIN,2554,1
TRAIN,2556,1
TRAIN,2558,1
TRAIN,2560,0
TRAIN,2562,1
TRAIN,2563,1
TRAIN,2565,1
TRAIN,2566,1
TRAIN,2567,1
TRAIN,2572,1
TRAIN,2573,1
TRAIN,2576,1
TRAIN,2577,1
TRAIN,2579,1
TRAIN,2581,0
TRAIN,2582,1
TRAIN,2583,1
TRAIN,2584,1
TRAIN,2586,1
TRAIN,2588,1
TRAIN,2589,1
TRAIN,2590,0
TRAIN,2592,0
TRAIN,2596,1
TRAIN,2597,1
TRAIN,2599,1
TRAIN,2600,1
TRAIN,2604,1
TRAIN,2606,0
TRAIN,2607,1
TRAIN,2608,1
TRAIN,2609,1
TRAIN,2611,1
TRAIN,2612,1
TRAIN,2613,1
TRAIN,2615,1
TRAIN,2616,1
TRAIN,2618,1
TRAIN,2622,1
TRAIN,2623,0
TRAIN,2628,1
TRAIN,2630,1
TRAIN,2631,1
TRAIN,2635,0
TRAIN,2638,1
TRAIN,2639,1
TRAIN,2642,1
TRAIN,2644,1
TRAIN,2645,1
TRAIN,2646,1
TRAIN,2647,0
TRAIN,2653,1
TRAIN,2654,1
TRAIN,2655,1
TRAIN,2656,1
TRAIN,2657,1
TRAIN,2658,1
TRAIN,2659,1
TRAIN,2661,1
TRAIN,2662,1
TRAIN,2663,1
TRAIN,2667,1
TRAIN,2669,1
TRAIN,2670,1
TRAIN,2671,1
TRAIN,2672,1
TRAIN,2673,1
TRAIN,2675,1
TRAIN,2677,1
TRAIN,2679,1
TRAIN,2681,1
TRAIN,2683,1
TRAIN,2684,1
TRAIN,2685,1
TRAIN,2686,0
TRAIN,2688,1
TRAIN,2689,1
TRAIN,2690,1
TRAIN,2691,1
TRAIN,2692,1
TRAIN,2696,1
TRAIN,2700,0
TRAIN,2701,1
TRAIN,2702,1
TRAIN,2704,1
TRAIN,2705,1
TRAIN,2706,1
TRAIN,2707,1
TRAIN,2708,0
TRAIN,2713,1
TRAIN,2714,1
TRAIN,2715,1
TRAIN,2716,1
TRAIN,2717,1
TRAIN,2719,0
TRAIN,2720,0
TRAIN,2721,0
TRAIN,2726,1
TRAIN,2728,1
TRAIN,2730,1
TRAIN,2731,1
TRAIN,2733,1
TRAIN,2735,1
TRAIN,2738,1
TRAIN,2739,0
TRAIN,2740,1
TRAIN,2741,1
TRAIN,2742,1
TRAIN,2743,1
TRAIN,2745,1
TRAIN,2746,0
TRAIN,2747,1
TRAIN,2749,1
TRAIN,2752,1
TRAIN,2754,1
TRAIN,2755,1
TRAIN,2756,1
TRAIN,2758,1
TRAIN,2759,0
TRAIN,2762,1
TRAIN,2768,1
TRAIN,2770,1
TRAIN,2771,1
TRAIN,2773,1
TRAIN,2778,1
TRAIN,2779,1
TRAIN,2781,1
TRAIN,2782,1
TRAIN,2784,1
TRAIN,2785,1
TRAIN,2786,1
TRAIN,2789,1
TRAIN,2790,1
TRAIN,2791,1
TRAIN,2794,1
TRAIN,2797,1
TRAIN,2798,1
TRAIN,2800,1
TRAIN,2801,1
TRAIN,2802,1
TRAIN,2803,1
TRAIN,2805,1
TRAIN,2809,0
TRAIN,2811,1
TRAIN,2812,1
TRAIN,2813,1
TRAIN,2814,1
TRAIN,2815,1
TRAIN,2817,1
TRAIN,2819,1
TRAIN,2820,1
TRAIN,2822,0
TRAIN,2824,1
TRAIN,2825,1
TRAIN,2827,1
TRAIN,2828,1
TRAIN,2829,1
TRAIN,2830,1
TRAIN,2831,0
TRAIN,2832,1
TRAIN,2838,1
TRAIN,2839,1
TRAIN,2841,0
TRAIN,2842,1
TRAIN,2844,1
TRAIN,2845,1
TRAIN,2846,1
TRAIN,2847,1
TRAIN,2849,1
TRAIN,2850,1
TRAIN,2851,1
TRAIN,2852,1
TRAIN,2853,0
TRAIN,2857,1
TRAIN,2858,1
TRAIN,2859,1
TRAIN,2864,1
TRAIN,2867,1
TRAIN,2868,1
TRAIN,2869,1
TRAIN,2871,1
TRAIN,2872,1
TRAIN,2873,1
TRAIN,2874,1
TRAIN,2875,1
TRAIN,2876,1
TRAIN,2877,1
TRAIN,2878,1
TRAIN,2879,1
TRAIN,2881,1
TRAIN,2883,1
TRAIN,2884,1
TRAIN,2885,1
TRAIN,2887,1
TRAIN,2888,1
TRAIN,2889,1
TRAIN,2890,1
TRAIN,2892,1
TRAIN,2893,1
TRAIN,2894,1
TRAIN,2895,1
TRAIN,2896,1
TRAIN,2897,1
TRAIN,2899,1
TRAIN,2900,1
TRAIN,2901,1
TRAIN,2904,1
TRAIN,2906,1
TRAIN,2908,1
TRAIN,2909,1
TRAIN,2910,1
TRAIN,2911,1
TRAIN,2913,1
TRAIN,2916,1
TRAIN,2917,1
TRAIN,2918,1
TRAIN,2922,0
TRAIN,2923,1
TRAIN,2924,1
TRAIN,2926,1
TRAIN,2929,1
TRAIN,2930,1
TRAIN,2933,1
TRAIN,2937,1
TRAIN,2939,1
TRAIN,2940,1
TRAIN,2941,1
TRAIN,2942,1
TRAIN,2943,1
TRAIN,2944,1
TRAIN,2945,1
TRAIN,2947,1
TRAIN,2949,1
TRAIN,2951,1
TRAIN,2953,1
TRAIN,2954,1
TRAIN,2956,1
TRAIN,2957,1
TRAIN,2958,1
TRAIN,2959,1
TRAIN,2962,1
TRAIN,2965,1
TRAIN,2966,0
TRAIN,2967,1
TRAIN,2968,1
TRAIN,2969,1
TRAIN,2971,1
TRAIN,2972,1
TRAIN,2974,1
TRAIN,2976,1
TRAIN,2977,1
TRAIN,2978,1
TRAIN,2979,1
TRAIN,2980,1
TRAIN,2982,1
TRAIN,2984,1
TRAIN,2986,1
TRAIN,2988,1
TRAIN,2989,1
TRAIN,2990,1
TRAIN,2992,1
TRAIN,2994,1
TRAIN,2995,1
TRAIN,2996,1
TRAIN,2997,1
TRAIN,2999,1
TRAIN,3001,0
TRAIN,3002,1
TRAIN,3003,1
TRAIN,3006,1
TRAIN,3008,1
TRAIN,3009,1
TRAIN,3011,1
TRAIN,3013,0
TRAIN,3016,1
TRAIN,3017,1
TRAIN,3018,1
TRAIN,3019,1
TRAIN,3020,1
TRAIN,3023,1
TRAIN,3024,1
TRAIN,3027,1
TRAIN,3028,1
TRAIN,3029,1
TRAIN,3031,1
TRAIN,3035,1
TRAIN,3037,1
TRAIN,3038,0
TRAIN,3039,1
TRAIN,3043,1
TRAIN,3044,1
TRAIN,3047,1
TRAIN,3048,1
TRAIN,3049,1
TRAIN,3054,1
TRAIN,3055,1
TRAIN,3056,1
TRAIN,3058,1
TRAIN,3059,1
TRAIN,3060,1
TRAIN,3062,1
TRAIN,3063,1
TRAIN,3064,1
TRAIN,3065,1
TRAIN,3067,1
TRAIN,3069,1
TRAIN,3070,1
TRAIN,3071,1
TRAIN,3072,0
TRAIN,3074,1
TRAIN,3075,1
TRAIN,3076,1
TRAIN,3077,1
TRAIN,3080,1
TRAIN,3082,1
TRAIN,3083,1
TRAIN,3084,1
TRAIN,3085,1
TRAIN,3087,1
TRAIN,3088,1
TRAIN,3091,1
TRAIN,3092,1
TRAIN,3093,1
TRAIN,3094,1
TRAIN,3095,1
TRAIN,3097,1
TRAIN,3098,1
TRAIN,3099,1
TRAIN,3100,1
TRAIN,3101,1
TRAIN,3103,0
TRAIN,3105,1
TRAIN,3107,1
TRAIN,3109,1
TRAIN,3110,1
TRAIN,3113,0
TRAIN,3115,1
TRAIN,3116,1
TRAIN,3117,1
TRAIN,3120,1
TRAIN,3121,1
TRAIN,3124,1
TRAIN,3125,1
TRAIN,3127,1
TRAIN,3128,1
TRAIN,3129,1
TRAIN,3130,1
TRAIN,3131,1
TRAIN,3132,1
TRAIN,3133,1
TRAIN,3134,1
TRAIN,3136,1
TRAIN,3137,1
TRAIN,3139,1
TRAIN,3143,1
TRAIN,3144,1
TRAIN,3146,1
TRAIN,3147,1
TRAIN,3148,1
TRAIN,3150,1
TRAIN,3151,1
TRAIN,3153,1
TRAIN,3155,1
TRAIN,3157,1
TRAIN,3158,1
TRAIN,3159,1
TRAIN,3161,1
TRAIN,3162,1
TRAIN,3163,0
TRAIN,3165,1
TRAIN,3172,1
TRAIN,3173,1
TRAIN,3175,1
TRAIN,3176,1
TRAIN,3179,1
TRAIN,3181,1
TRAIN,3183,1
TRAIN,3184,1
TRAIN,3186,1
TRAIN,3188,1
TRAIN,3190,1
TRAIN,3192,1
TRAIN,3193,1
TRAIN,3194,1
TRAIN,3195,1
TRAIN,3197,1
TRAIN,3202,1
TRAIN,3203,1
TRAIN,3205,1
TRAIN,3207,1
TRAIN,3208,1
TRAIN,3210,1
TRAIN,3214,1
TRAIN,3215,1
TRAIN,3217,1
TRAIN,3218,1
TRAIN,3220,1
TRAIN,3222,1
TRAIN,3225,1
TRAIN,3226,1
TRAIN,3227,1
TRAIN,3228,1
TRAIN,3229,1
TRAIN,3231,1
TRAIN,3232,1
TRAIN,3233,1
TRAIN,3234,1
TRAIN,3235,1
TRAIN,3236,1
TRAIN,3240,1
TRAIN,3241,1
TRAIN,3243,1
TRAIN,3244,1
TRAIN,3245,1
TRAIN,3247,1
TRAIN,3248,1
TRAIN,3251,0
TRAIN,3253,1
TRAIN,3254,1
TRAIN,3255,1
TRAIN,3258,1
TRAIN,3259,1
TRAIN,3260,1
TRAIN,3262,1
TRAIN,3265,1
TRAIN,3267,1
TRAIN,3268,1
TRAIN,3269,1
TRAIN,3270,1
TRAIN,3271,1
TRAIN,3272,1
TRAIN,3276,1
TRAIN,3277,1
TRAIN,3279,1
TRAIN,3281,1
TRAIN,3283,1
TRAIN,3284,0
TRAIN,3286,1
TRAIN,3288,1
TRAIN,3289,1
TRAIN,3292,1
TRAIN,3293,1
TRAIN,3294,0
TRAIN,3296,1
TRAIN,3299,1
TRAIN,3300,1
TRAIN,3302,1
TRAIN,3304,1
TRAIN,3305,1
TRAIN,3310,1
TRAIN,3311,1
TRAIN,3313,1
TRAIN,3314,1
TRAIN,3316,1
TRAIN,3319,1
TRAIN,3321,1
TRAIN,3322,1
TRAIN,3324,0
TRAIN,3327,1
TRAIN,3328,1
TRAIN,3329,1
TRAIN,3331,1
TRAIN,3333,1
TRAIN,3334,1
TRAIN,3335,0
TRAIN,3336,1
TRAIN,3338,1
TRAIN,3339,1
TRAIN,3340,1
TRAIN,3342,1
TRAIN,3344,1
TRAIN,3345,1
TRAIN,3348,1
TRAIN,3349,1
TRAIN,3354,1
TRAIN,3355,1
TRAIN,3356,1
TRAIN,3358,1
TRAIN,3359,1
TRAIN,3360,1
TRAIN,3366,1
TRAIN,3368,1
TRAIN,3369,1
TRAIN,3370,1
TRAIN,3372,1
TRAIN,3373,1
TRAIN,3375,1
TRAIN,3378,1
TRAIN,3380,1
TRAIN,3381,1
TRAIN,3384,1
TRAIN,3387,1
TRAIN,3388,1
TRAIN,3389,1
TRAIN,3390,1
TRAIN,3393,1
TRAIN,3394,1
TRAIN,3396,1
TRAIN,3397,1
TRAIN,3402,1
TRAIN,3404,1
TRAIN,3405,1
TRAIN,3407,1
TRAIN,3409,1
TRAIN,3410,1
TRAIN,3412,1
TRAIN,3414,0
TRAIN,3415,1
TRAIN,3416,1
TRAIN,3418,1
TRAIN,3420,1
TRAIN,3421,1
TRAIN,3422,1
TRAIN,3425,1
TRAIN,3429,1
TRAIN,3430,1
TRAIN,3431,1
TRAIN,3432,1
TRAIN,3433,1
TRAIN,3435,1
TRAIN,3436,1
TRAIN,3438,1
TRAIN,3440,1
TRAIN,3441,1
TRAIN,3443,1
TRAIN,3444,1
TRAIN,3445,1
TRAIN,3446,1
TRAIN,3447,1
TRAIN,3448,1
TRAIN,3449,1
TRAIN,3450,1
TRAIN,3451,1
TRAIN,3453,1
TRAIN,3454,1
TRAIN,3456,1
TRAIN,3457,1
TRAIN,3458,1
TRAIN,3459,1
TRAIN,3461,1
TRAIN,3463,1
TRAIN,3464,1
TRAIN,3465,1
TRAIN,3466,1
TRAIN,3468,1
TRAIN,3469,1
TRAIN,3470,1
TRAIN,3474,1
TRAIN,3475,1
TRAIN,3476,1
TRAIN,3477,1
TRAIN,3478,1
TRAIN,3480,1
TRAIN,3482,1
TRAIN,3484,1
TRAIN,3485,1
TRAIN,3486,1
TRAIN,3488,1
TRAIN,3489,1
TRAIN,3490,1
TRAIN,3492,1
TRAIN,3493,1
TRAIN,3495,1
TRAIN,3500,1
TRAIN,3502,1
TRAIN,3504,1
TRAIN,3505,1
TRAIN,3506,1
TRAIN,3507,1
TRAIN,3508,1
TRAIN,3510,1
TRAIN,3511,1
TRAIN,3512,1
TRAIN,3517,0
TRAIN,3518,1
TRAIN,3519,0
TRAIN,3520,1
TRAIN,3521,1
TRAIN,3522,1
TRAIN,3523,1
TRAIN,3524,1
TRAIN,3525,1
TRAIN,3527,1
TRAIN,3528,1
TRAIN,3529,1
TRAIN,3530,1
TRAIN,3531,1
TRAIN,3532,1
TRAIN,3533,1
TRAIN,3534,1
TRAIN,3536,1
TRAIN,3537,1
TRAIN,3539,1
TRAIN,3540,1
TRAIN,3542,0
TRAIN,3544,1
TRAIN,3545,1
TRAIN,3546,0
TRAIN,3547,1
TRAIN,3548,1
TRAIN,3549,1
TRAIN,3552,1
TRAIN,3554,1
TRAIN,3556,1
TRAIN,3558,1
TRAIN,3559,1
TRAIN,3564,1
TRAIN,3565,1
TRAIN,3566,1
TRAIN,3567,1
TRAIN,3568,1
TRAIN,3569,1
TRAIN,3570,1
TRAIN,3571,1
TRAIN,3573,1
TRAIN,3574,1
TRAIN,3575,1
TRAIN,3576,0
TRAIN,3577,1
TRAIN,3578,1
TRAIN,3580,1
TRAIN,3581,1
TRAIN,3582,1
TRAIN,3583,1
TRAIN,3585,1
TRAIN,3586,1
TRAIN,3588,1
TRAIN,3589,1
TRAIN,3590,1
TRAIN,3591,1
TRAIN,3594,1
TRAIN,3596,1
TRAIN,3597,1
TRAIN,3598,1
TRAIN,3600,1
TRAIN,3601,0
TRAIN,3605,1
TRAIN,3606,0
TRAIN,3607,1
TRAIN,3608,0
TRAIN,3611,1
TRAIN,3612,1
TRAIN,3615,1
TRAIN,3616,0
TRAIN,3617,1
TRAIN,3618,1
TRAIN,3619,1
TRAIN,3620,1
TRAIN,3621,1
TRAIN,3623,1
TRAIN,3628,1
TRAIN,3630,1
TRAIN,3632,1
TRAIN,3633,1
TRAIN,3634,1
TRAIN,3636,1
TRAIN,3639,1
TRAIN,3640,1
TRAIN,3642,1
TRAIN,3643,1
TRAIN,3645,1
TRAIN,3646,1
TRAIN,3648,1
TRAIN,3649,0
TRAIN,3650,1
TRAIN,3651,1
TRAIN,3652,1
TRAIN,3654,1
TRAIN,3655,1
TRAIN,3656,1
TRAIN,3658,1
TRAIN,3660,1
TRAIN,3661,1
TRAIN,3662,1
TRAIN,3663,1
TRAIN,3667,1
TRAIN,3669,1
TRAIN,3670,0
TRAIN,3671,1
TRAIN,3673,1
TRAIN,3676,1
TRAIN,3678,1
TRAIN,3679,1
TRAIN,3681,1
TRAIN,3684,1
TRAIN,3686,1
TRAIN,3687,0
TRAIN,3689,1
TRAIN,3690,1
TRAIN,3691,1
TRAIN,3697,1
TRAIN,3699,1
TRAIN,3701,1
TRAIN,3702,1
TRAIN,3704,1
TRAIN,3705,0
TRAIN,3707,1
TRAIN,3708,1
TRAIN,3711,1
TRAIN,3712,1
TRAIN,3714,1
TRAIN,3716,1
TRAIN,3719,1
TRAIN,3721,1
TRAIN,3722,1
TRAIN,3723,1
TRAIN,3724,1
TRAIN,3728,1
TRAIN,3730,0
TRAIN,3733,1
TRAIN,3734,1
TRAIN,3735,1
TRAIN,3738,1
TRAIN,3740,1
TRAIN,3741,1
TRAIN,3742,1
TRAIN,3746,1
TRAIN,3747,1
TRAIN,3748,1
TRAIN,3749,1
TRAIN,3750,1
TRAIN,3751,1
TRAIN,3753,1
TRAIN,3754,1
TRAIN,3755,1
TRAIN,3756,1
TRAIN,3757,1
TRAIN,3758,1
TRAIN,3760,1
TRAIN,3762,1
TRAIN,3765,1
TRAIN,3767,0
TRAIN,3769,1
TRAIN,3770,1
TRAIN,3773,1
TRAIN,3774,1
TRAIN,3775,1
TRAIN,3776,1
TRAIN,3781,1
TRAIN,3782,1
TRAIN,3783,1
TRAIN,3785,1
TRAIN,3786,1
TRAIN,3789,1
TRAIN,3790,1
TRAIN,3791,1
TRAIN,3792,1
TRAIN,3793,0
TRAIN,3794,1
TRAIN,3796,1
TRAIN,3800,0
TRAIN,3802,1
TRAIN,3803,1
TRAIN,3805,1
TRAIN,3806,1
TRAIN,3807,1
TRAIN,3808,1
TRAIN,3811,1
TRAIN,3812,1
TRAIN,3813,1
TRAIN,3814,1
TRAIN,3816,1
TRAIN,3817,1
TRAIN,3818,1
TRAIN,3821,1
TRAIN,3822,0
TRAIN,3823,1
TRAIN,3824,1
TRAIN,3826,1
TRAIN,3829,0
TRAIN,3830,1
TRAIN,3831,1
TRAIN,3833,1
TRAIN,3835,1
TRAIN,3836,1
TRAIN,3837,1
TRAIN,3838,1
TRAIN,3840,1
TRAIN,3841,1
TRAIN,3843,1
TRAIN,3844,1
TRAIN,3845,1
TRAIN,3846,1
TRAIN,3847,1
TRAIN,3849,1
TRAIN,3850,1
TRAIN,3852,1
TRAIN,3854,1
TRAIN,3856,1
TRAIN,3861,1
TRAIN,3862,1
TRAIN,3863,1
TRAIN,3865,1
TRAIN,3869,1
TRAIN,3870,1
TRAIN,3872,1
TRAIN,3875,1
TRAIN,3880,1
TRAIN,3881,1
TRAIN,3884,1
TRAIN,3885,1
TRAIN,3887,1
TRAIN,3890,1
TRAIN,3892,1
TRAIN,3893,1
TRAIN,3894,1
TRAIN,3896,1
TRAIN,3897,1
TRAIN,3900,1
TRAIN,3902,1
TRAIN,3903,1
TRAIN,3906,0
TRAIN,3907,0
TRAIN,3908,1
TRAIN,3910,1
TRAIN,3911,1
TRAIN,3912,1
TRAIN,3913,1
TRAIN,3914,1
TRAIN,3915,1
TRAIN,3916,1
TRAIN,3918,1
TRAIN,3919,1
TRAIN,3920,1
TRAIN,3922,1
TRAIN,3924,1
TRAIN,3925,1
TRAIN,3926,1
TRAIN,3927,1
TRAIN,3928,1
TRAIN,3929,0
TRAIN,3932,1
TRAIN,3934,1
TRAIN,3935,1
TRAIN,3936,1
TRAIN,3938,1
TRAIN,3939,1
TRAIN,3943,1
TRAIN,3944,1
TRAIN,3946,1
TRAIN,3947,1
TRAIN,3950,1
TRAIN,3953,1
TRAIN,3954,1
TRAIN,3956,1
TRAIN,3958,1
TRAIN,3959,1
TRAIN,3960,1
TRAIN,3962,0
TRAIN,3964,1
TRAIN,3969,1
TRAIN,3970,1
TRAIN,3971,1
TRAIN,3974,1
TRAIN,3975,1
TRAIN,3976,1
TRAIN,3980,1
TRAIN,3982,1
TRAIN,3983,1
TRAIN,3984,0
TRAIN,3985,1
TRAIN,3987,1
TRAIN,3988,1
TRAIN,3990,1
TRAIN,3991,1
TRAIN,3992,1
TRAIN,3994,1
TRAIN,3995,1
TRAIN,3996,1
TRAIN,3997,1
TRAIN,3998,1
TRAIN,3999,1
TRAIN,4003,1
TRAIN,4004,1
TRAIN,4006,1
TRAIN,4009,1
TRAIN,4010,1
TRAIN,4011,1
TRAIN,4012,1
TRAIN,4013,1
TRAIN,4016,1
TRAIN,4018,1
TRAIN,4020,1
TRAIN,4022,1
TRAIN,4026,1
TRAIN,4030,1
TRAIN,4031,1
TRAIN,4032,1
TRAIN,4034,1
TRAIN,4036,1
TRAIN,4037,1
TRAIN,4040,1
TRAIN,4042,1
TRAIN,4043,1
TRAIN,4044,1
TRAIN,4046,1
TRAIN,4048,1
TRAIN,4049,1
TRAIN,4050,1
TRAIN,4051,1
TRAIN,4053,1
TRAIN,4054,1
TRAIN,4055,0
TRAIN,4056,0
TRAIN,4059,1
TRAIN,4060,1
TRAIN,4061,1
TRAIN,4062,1
TRAIN,4063,1
TRAIN,4065,1
TRAIN,4066,1
TRAIN,4067,1
TRAIN,4068,1
TRAIN,4069,1
TRAIN,4071,1
TRAIN,4073,1
TRAIN,4075,1
TRAIN,4076,1
TRAIN,4079,1
TRAIN,4080,1
TRAIN,4081,1
TRAIN,4082,1
TRAIN,4084,1
TRAIN,4086,1
TRAIN,4087,1
TRAIN,4088,1
TRAIN,4090,1
TRAIN,4092,1
TRAIN,4093,1
TRAIN,4094,1
TRAIN,4095,1
TRAIN,4098,1
TRAIN,4101,1
TRAIN,4106,1
TRAIN,4107,1
TRAIN,4108,1
TRAIN,4112,1
TRAIN,4113,1
TRAIN,4114,0
TRAIN,4115,1
TRAIN,4118,1
TRAIN,4121,1
TRAIN,4122,1
TRAIN,4126,1
TRAIN,4129,1
TRAIN,4131,1
TRAIN,4132,0
TRAIN,4134,1
TRAIN,4136,1
TRAIN,4137,1
TRAIN,4138,1
TRAIN,4139,1
TRAIN,4141,1
TRAIN,4143,1
TRAIN,4145,1
TRAIN,4146,1
TRAIN,4147,1
TRAIN,4149,1
TRAIN,4151,1
TRAIN,4153,1
TRAIN,4155,1
TRAIN,4158,1
TRAIN,4160,1
TRAIN,4161,1
TRAIN,4163,1
TRAIN,4164,1
TRAIN,4165,1
TRAIN,4166,1
TRAIN,4167,1
TRAIN,4169,0
TRAIN,4171,1
TRAIN,4172,1
TRAIN,4173,1
TRAIN,4175,1
TRAIN,4178,1
TRAIN,4179,1
TRAIN,4180,1
TRAIN,4181,1
TRAIN,4182,0
TRAIN,4184,1
TRAIN,4185,1
TRAIN,4186,1
TRAIN,4188,1
TRAIN,4189,1
TRAIN,4190,1
TRAIN,4191,1
TRAIN,4192,1
TRAIN,4193,1
TRAIN,4194,1
TRAIN,4203,1
TRAIN,4205,1
TRAIN,4206,1
TRAIN,4207,1
TRAIN,4210,1
TRAIN,4211,1
TRAIN,4212,1
TRAIN,4213,1
TRAIN,4215,1
TRAIN,4217,0
TRAIN,4218,1
TRAIN,4221,1
TRAIN,4222,1
TRAIN,4223,1
TRAIN,4224,1
TRAIN,4225,1
TRAIN,4226,1
TRAIN,4229,1
TRAIN,4230,1
TRAIN,4231,1
TRAIN,4232,1
TRAIN,4233,1
TRAIN,4235,1
TRAIN,4236,1
TRAIN,4237,1
TRAIN,4240,1
TRAIN,4241,1
TRAIN,4243,1
TRAIN,4244,1
TRAIN,4246,1
TRAIN,4247,1
TRAIN,4248,1
TRAIN,4250,1
TRAIN,4251,1
TRAIN,4253,1
TRAIN,4254,1
TRAIN,4255,1
TRAIN,4258,1
TRAIN,4259,1
TRAIN,4260,1
TRAIN,4262,1
TRAIN,4264,1
TRAIN,4265,1
TRAIN,4267,1
TRAIN,4270,1
TRAIN,4272,1
TRAIN,4274,1
TRAIN,4276,1
TRAIN,4278,1
TRAIN,4279,1
TRAIN,4280,1
TRAIN,4281,1
TRAIN,4283,1
TRAIN,4284,1
TRAIN,4286,1
TRAIN,4287,1
TRAIN,4288,1
TRAIN,4291,0
TRAIN,4292,1
TRAIN,4295,1
TRAIN,4296,1
TRAIN,4298,1
TRAIN,4300,1
TRAIN,4302,1
TRAIN,4303,1
TRAIN,4304,1
TRAIN,4305,1
TRAIN,4307,1
TRAIN,4308,1
TRAIN,4309,1
TRAIN,4310,1
TRAIN,4312,1
TRAIN,4313,1
TRAIN,4314,1
TRAIN,4315,1
TRAIN,4316,1
TRAIN,4317,1
TRAIN,4318,1
TRAIN,4320,1
TRAIN,4321,1
TRAIN,4323,1
TRAIN,4325,1
TRAIN,4326,1
TRAIN,4328,1
TRAIN,4329,1
TRAIN,4330,1
TRAIN,4331,1
TRAIN,4332,1
TRAIN,4333,1
TRAIN,4335,1
TRAIN,4336,1
TRAIN,4338,1
TRAIN,4339,1
TRAIN,4340,1
TRAIN,4341,1
TRAIN,4342,1
TRAIN,4343,1
TRAIN,4345,1
TRAIN,4347,1
TRAIN,4348,1
TRAIN,4349,1
TRAIN,4352,0
TRAIN,4353,1
TRAIN,4355,1
TRAIN,4359,1
TRAIN,4361,1
TRAIN,4362,1
TRAIN,4365,1
TRAIN,4368,1
TRAIN,4370,1
TRAIN,4371,1
TRAIN,4372,1
TRAIN,4373,1
TRAIN,4376,1
TRAIN,4377,0
TRAIN,4380,1
TRAIN,4381,1
TRAIN,4382,1
TRAIN,4383,1
TRAIN,4384,1
TRAIN,4385,1
TRAIN,4386,0
TRAIN,4389,1
TRAIN,4390,1
TRAIN,4393,1
TRAIN,4394,1
TRAIN,4395,1
TRAIN,4396,1
TRAIN,4398,1
TRAIN,4399,1
TRAIN,4400,1
TRAIN,4401,1
TRAIN,4403,1
TRAIN,4404,1
TRAIN,4405,1
TRAIN,4406,1
TRAIN,4407,1
TRAIN,4408,1
TRAIN,4410,1
TRAIN,4411,1
TRAIN,4413,1
TRAIN,4414,1
TRAIN,4415,1
TRAIN,4416,1
TRAIN,4417,0
TRAIN,4418,1
TRAIN,4420,1
TRAIN,4421,1
TRAIN,4423,1
TRAIN,4426,1
TRAIN,4428,0
TRAIN,4429,1
TRAIN,4432,1
TRAIN,4434,0
TRAIN,4439,1
TRAIN,4440,1
TRAIN,4444,1
TRAIN,4446,1
TRAIN,4448,1
TRAIN,4451,1
TRAIN,4452,1
TRAIN,4453,1
TRAIN,4455,1
TRAIN,4456,1
TRAIN,4457,1
TRAIN,4458,1
TRAIN,4459,1
TRAIN,4461,1
TRAIN,4463,1
TRAIN,4464,1
TRAIN,4465,1
TRAIN,4466,1
TRAIN,4467,1
TRAIN,4469,1
TRAIN,4472,1
TRAIN,4474,0
TRAIN,4476,1
TRAIN,4479,1
TRAIN,4480,1
TRAIN,4481,1
TRAIN,4482,1
TRAIN,4483,1
TRAIN,4485,1
TRAIN,4489,1
TRAIN,4491,1
TRAIN,4492,1
TRAIN,4494,1
TRAIN,4495,1
TRAIN,4496,1
TRAIN,4498,1
TRAIN,4500,1
TRAIN,4501,1
TRAIN,4502,1
TRAIN,4504,1
TRAIN,4507,1
TRAIN,4508,1
TRAIN,4510,1
TRAIN,4511,1
TRAIN,4514,1
TRAIN,4515,1
TRAIN,4516,1
TRAIN,4518,1
TRAIN,4519,1
TRAIN,4520,0
TRAIN,4521,1
TRAIN,4522,1
TRAIN,4524,1
TRAIN,4528,1
TRAIN,4529,0
TRAIN,4531,1
TRAIN,4532,1
TRAIN,4533,1
TRAIN,4535,1
TRAIN,4536,1
TRAIN,4539,1
TRAIN,4541,1
TRAIN,4542,1
TRAIN,4543,1
TRAIN,4544,1
TRAIN,4546,1
TRAIN,4547,1
TRAIN,4548,1
TRAIN,4549,1
TRAIN,4550,1
TRAIN,4551,1
TRAIN,4553,1
TRAIN,4554,1
TRAIN,4555,1
TRAIN,4556,1
TRAIN,4557,1
TRAIN,4559,1
TRAIN,4560,1
TRAIN,4562,1
TRAIN,4563,1
TRAIN,4565,1
TRAIN,4567,1
TRAIN,4569,1
TRAIN,4570,1
TRAIN,4571,1
TRAIN,4572,1
TRAIN,4574,1
TRAIN,4575,1
TRAIN,4576,1
TRAIN,4577,1
TRAIN,4578,1
TRAIN,4579,1
TRAIN,4580,1
TRAIN,4581,1
TRAIN,4582,1
TRAIN,4583,1
TRAIN,4584,0
TRAIN,4587,1
TRAIN,4588,1
TRAIN,4590,1
TRAIN,4591,1
TRAIN,4592,1
TRAIN,4593,1
TRAIN,4594,1
TRAIN,4598,1
TRAIN,4600,1
TRAIN,4601,1
TRAIN,4603,1
TRAIN,4604,1
TRAIN,4605,1
TRAIN,4607,1
TRAIN,4608,1
TRAIN,4610,1
TRAIN,4611,1
TRAIN,4612,1
TRAIN,4615,1
TRAIN,4617,1
TRAIN,4619,1
TRAIN,4620,0
TRAIN,4622,1
TRAIN,4623,1
TRAIN,4624,1
TRAIN,4626,1
TRAIN,4629,1
TRAIN,4631,1
TRAIN,4632,1
TRAIN,4633,1
TRAIN,4634,1
TRAIN,4636,1
TRAIN,4637,1
TRAIN,4638,1
TRAIN,4639,1
TRAIN,4640,1
TRAIN,4643,1
TRAIN,4644,1
TRAIN,4647,1
TRAIN,4648,1
TRAIN,4649,1
TRAIN,4650,1
TRAIN,4652,0
TRAIN,4653,1
TRAIN,4656,0
TRAIN,4657,1
TRAIN,4660,1
TRAIN,4661,1
TRAIN,4662,1
TRAIN,4663,1
TRAIN,4664,1
TRAIN,4665,1
TRAIN,4667,1
TRAIN,4672,0
TRAIN,4673,1
TRAIN,4674,1
TRAIN,4675,1
TRAIN,4677,1
TRAIN,4679,1
TRAIN,4680,1
TRAIN,4681,1
TRAIN,4684,1
TRAIN,4685,1
TRAIN,4686,1
TRAIN,4687,1
TRAIN,4689,1
TRAIN,4690,1
TRAIN,4692,1
TRAIN,4693,1
TRAIN,4695,1
TRAIN,4697,1
TRAIN,4698,1
TRAIN,4699,1
TRAIN,4701,1
TRAIN,4704,1
TRAIN,4705,1
TRAIN,4706,1
TRAIN,4710,0
TRAIN,4712,0
TRAIN,4713,1
TRAIN,4715,1
TRAIN,4717,1
TRAIN,4718,1
TRAIN,4719,1
TRAIN,4720,1
TRAIN,4722,0
TRAIN,4723,1
TRAIN,4725,1
TRAIN,4729,1
TRAIN,4731,1
TRAIN,4732,1
TRAIN,4733,1
TRAIN,4734,1
TRAIN,4736,1
TRAIN,4739,1
TRAIN,4740,1
TRAIN,4741,1
TRAIN,4742,1
TRAIN,4744,1
TRAIN,4746,1
TRAIN,4747,1
TRAIN,4749,1
TRAIN,4750,1
TRAIN,4752,1
TRAIN,4754,0
TRAIN,4756,1
TRAIN,4758,1
TRAIN,4760,1
TRAIN,4762,1
TRAIN,4763,1
TRAIN,4765,1
TRAIN,4766,1
TRAIN,4768,0
TRAIN,4769,1
TRAIN,4771,1
TRAIN,4772,1
TRAIN,4774,1
TRAIN,4776,1
TRAIN,4777,1
TRAIN,4779,1
TRAIN,4782,1
TRAIN,4783,1
TRAIN,4784,1
TRAIN,4786,0
TRAIN,4787,1
TRAIN,4788,1
TRAIN,4789,1
TRAIN,4790,1
TRAIN,4791,1
TRAIN,4792,1
TRAIN,4793,1
TRAIN,4794,1
TRAIN,4796,1
TRAIN,4797,1
TRAIN,4798,1
TRAIN,4799,1
TRAIN,4802,1
TRAIN,4803,1
TRAIN,4804,1
TRAIN,4805,1
TRAIN,4806,1
TRAIN,4807,1
TRAIN,4809,1
TRAIN,4811,1
TRAIN,4812,1
TRAIN,4814,1
TRAIN,4815,1
TRAIN,4818,1
TRAIN,4819,1
TRAIN,4820,1
TRAIN,4821,1
TRAIN,4824,1
TRAIN,4826,1
TRAIN,4831,1
TRAIN,4833,1
TRAIN,4836,1
TRAIN,4837,1
TRAIN,4853,1
TRAIN,4861,0
TRAIN,4862,1
TRAIN,4877,1
TRAIN,4882,0
TRAIN,4892,1
TRAIN,4904,1
TRAIN,4915,1
TRAIN,4916,0
TRAIN,4919,1
TRAIN,4923,1
TRAIN,4928,1
TRAIN,4929,1
TRAIN,4937,0
TRAIN,4941,1
TRAIN,4942,1
TRAIN,4956,0
TRAIN,4959,1
TRAIN,4968,0
TRAIN,4969,1
TRAIN,4972,1
TRAIN,4979,1
TRAIN,4992,1
TRAIN,5002,1
TRAIN,5010,1
TRAIN,5012,1
TRAIN,5013,1
TRAIN,5016,1
TRAIN,5028,1
TRAIN,5067,1
TRAIN,5081,1
TRAIN,5093,1
TRAIN,5111,1
TRAIN,5117,1
TRAIN,5127,1
TRAIN,5128,1
TRAIN,5132,1
TRAIN,5134,0
TRAIN,5137,1
TRAIN,5138,1
TRAIN,5141,1
TRAIN,5143,0
TRAIN,5145,1
TRAIN,5152,1
TRAIN,5163,1
TRAIN,5180,1
TRAIN,5189,1
TRAIN,5212,1
TRAIN,5213,1
TRAIN,5217,1
TRAIN,5223,1
TRAIN,5224,0
TRAIN,5233,1
TRAIN,5237,1
TRAIN,5241,1
TRAIN,5249,1
TRAIN,5253,0
TRAIN,5263,1
TRAIN,5273,1
TRAIN,5277,1
TRAIN,5281,1
TRAIN,5287,1
TRAIN,5308,1
TRAIN,5312,1
TRAIN,5320,0
TRAIN,5322,0
TRAIN,5323,1
TRAIN,5325,1
TRAIN,5333,0
TRAIN,5334,1
TRAIN,5347,1
TRAIN,5352,1
TRAIN,5353,1
TRAIN,5354,1
TRAIN,5358,1
TRAIN,5362,1
TRAIN,5366,0
TRAIN,5374,1
TRAIN,5379,1
TRAIN,5384,0
TRAIN,5389,0
TRAIN,5392,1
TRAIN,5393,1
TRAIN,5395,0
TRAIN,5397,1
TRAIN,5399,0
TRAIN,5404,1
TRAIN,5409,1
TRAIN,5433,0
TRAIN,5441,1
TRAIN,5445,1
TRAIN,5450,1
TRAIN,5460,1
TRAIN,5461,1
TRAIN,5469,1
TRAIN,5472,1
TRAIN,5478,1
TRAIN,5487,0
TRAIN,5517,0
TRAIN,5521,0
TRAIN,5526,0
TRAIN,5530,1
TRAIN,5539,1
TRAIN,5563,0
TRAIN,5565,0
TRAIN,5579,0
TRAIN,5617,1
TRAIN,5618,0
TRAIN,5684,0
TRAIN,5701,0
TRAIN,5704,1
TRAIN,5722,1
TRAIN,5727,0
TRAIN,5736,1
TRAIN,5753,1
TRAIN,5760,0
TRAIN,5774,0
TRAIN,5788,0
TRAIN,5801,0
TRAIN,5826,0
TRAIN,5858,0
TRAIN,5860,0
TRAIN,5866,0
TRAIN,5873,0
TRAIN,5911,0
TRAIN,5928,0
TRAIN,5977,0
TRAIN,5978,0
TRAIN,6001,0
TRAIN,6015,0
TRAIN,6034,0
TRAIN,6039,0
TRAIN,6042,0
TRAIN,6052,1
TRAIN,6067,1
TRAIN,6077,0
TRAIN,6112,1
TRAIN,6114,1
TRAIN,6115,0
TRAIN,6122,0
TRAIN,6144,1
TRAIN,6175,0
TRAIN,6178,0
TRAIN,6185,0
TRAIN,6191,1
TRAIN,6196,0
TRAIN,6255,0
TRAIN,6272,1
TRAIN,6275,0
TRAIN,6301,0
TRAIN,6317,0
TRAIN,6342,1
TRAIN,6349,0
TRAIN,6359,0
TRAIN,6366,0
TRAIN,6367,0
TRAIN,6391,1
TRAIN,6408,0
TRAIN,6452,1
TRAIN,6468,1
TRAIN,6469,0
TRAIN,6473,0
TRAIN,6478,1
TRAIN,6481,1
TRAIN,6485,1
TRAIN,6501,1
TRAIN,6544,0
TRAIN,6546,1
TRAIN,6551,0
TRAIN,6552,1
TRAIN,6567,0
TRAIN,6571,0
TRAIN,6616,0
TRAIN,6619,1
TRAIN,6644,1
TRAIN,6698,1
TRAIN,6729,0
TRAIN,6731,0
TRAIN,6753,0
TRAIN,6789,0
TRAIN,6803,0
TRAIN,6829,0
TRAIN,6844,1
TRAIN,6886,1
TRAIN,6892,0
TRAIN,6906,1
TRAIN,6924,1
TRAIN,6936,0
TRAIN,6944,1
TRAIN,6946,0
TRAIN,6967,1
TRAIN,6978,1
TRAIN,6987,0
TRAIN,7010,0
TRAIN,7065,0
TRAIN,7100,1
TRAIN,7102,1
TRAIN,7112,1
TRAIN,7127,0
TRAIN,7166,0
TRAIN,7186,0
TRAIN,7195,0
TRAIN,7234,1
TRAIN,7241,0
TRAIN,7286,0
TRAIN,7299,0
TRAIN,7311,0
TRAIN,7324,0
TRAIN,7325,0
TRAIN,7327,1
TRAIN,7339,0
TRAIN,7348,0
TRAIN,7366,0
TRAIN,7390,0
TRAIN,7411,0
TRAIN,7422,0
TRAIN,7434,0
TRAIN,7435,0
TRAIN,7567,0
TRAIN,7576,0
TRAIN,7586,1
TRAIN,7594,0
TRAIN,7614,1
TRAIN,7632,1
TRAIN,7678,0
TRAIN,7683,0
TRAIN,7723,0
TRAIN,7727,0
TRAIN,7753,0
TRAIN,7765,0
TRAIN,7772,0
TRAIN,7787,0
TRAIN,7814,0
TRAIN,7843,0
TRAIN,7855,0
TRAIN,7862,0
TRAIN,7863,1
TRAIN,7864,1
TRAIN,7914,0
TRAIN,7959,0
TRAIN,7970,1
TRAIN,8013,1
TRAIN,8030,0
TRAIN,8064,0
TRAIN,8074,0
TRAIN,8076,0
TRAIN,8089,0
TRAIN,8096,0
TRAIN,8105,0
TRAIN,8130,0
TRAIN,8200,0
TRAIN,8217,1
TRAIN,8276,0
TRAIN,8287,1
TRAIN,8295,1
TRAIN,8327,1
TRAIN,8333,0
TRAIN,8342,1
TRAIN,8356,0
TRAIN,8359,0
TRAIN,8362,1
TRAIN,8366,0
TRAIN,8463,1
TRAIN,8489,1
TRAIN,8502,0
TRAIN,8506,0
TRAIN,8510,0
TRAIN,8548,0
TRAIN,8571,1
TRAIN,8598,0
TRAIN,8610,0
TRAIN,8615,0
TRAIN,8636,0
TRAIN,8661,0
TRAIN,8666,0
TRAIN,8667,0
TRAIN,8670,0
TRAIN,8677,0
TRAIN,8692,1
TRAIN,8726,1
TRAIN,8737,0
TRAIN,8764,0
TRAIN,9173,0
TRAIN,9196,0
TRAIN,9202,0
TRAIN,9217,0
TRAIN,9226,0
TRAIN,9231,1
TRAIN,9236,0
TRAIN,9250,1
TRAIN,9276,1
TRAIN,9340,0
TRAIN,9346,0
TRAIN,9362,0
TRAIN,9366,0
TRAIN,9370,0
TRAIN,9403,0
TRAIN,9417,0
TRAIN,9418,0
TRAIN,9427,0
TRAIN,9433,1
TRAIN,9450,0
TRAIN,9456,0
TRAIN,9546,0
TRAIN,9555,0
TRAIN,9569,0
TRAIN,9582,0
TRAIN,9593,0
TRAIN,9611,0
TRAIN,9616,1
TRAIN,9641,0
TRAIN,9663,0
TRAIN,9680,1
TRAIN,9721,0
TRAIN,9755,0
TRAIN,9760,0
TRAIN,9775,0
TRAIN,9820,1
TRAIN,9833,0
TRAIN,9844,0
TRAIN,9846,0
TRAIN,9872,0
TRAIN,9914,0
TRAIN,9915,0
TRAIN,9929,0
TRAIN,9930,0
TRAIN,9945,0
TRAIN,9973,0
TRAIN,9987,0
TRAIN,9995,0
TRAIN,9997,0
TRAIN,10040,0
TRAIN,10046,1
TRAIN,10066,1
TRAIN,10070,1
TRAIN,10075,0
TRAIN,10090,0
TRAIN,10095,0
TRAIN,10159,0
TRAIN,10198,0
TRAIN,10200,0
TRAIN,10209,0
TRAIN,10269,0
TRAIN,10273,0
TRAIN,10350,0
TRAIN,10355,0
TRAIN,10382,0
TRAIN,10389,0
TRAIN,10459,0
TRAIN,10479,0
TRAIN,10492,0
TRAIN,10517,0
TRAIN,10528,0
TRAIN,10543,0
TRAIN,10563,0
TRAIN,10636,0
TRAIN,10639,1
TRAIN,10654,0
TRAIN,10662,0
TRAIN,10702,0
TRAIN,10714,0
TRAIN,10746,0
TRAIN,10798,1
TRAIN,10813,0
TRAIN,10818,0
TRAIN,10828,0
TRAIN,10912,1
TRAIN,10960,1
TRAIN,10997,0
TRAIN,11004,0
TRAIN,11008,1
TRAIN,11034,1
TRAIN,11050,0
TRAIN,11063,0
TRAIN,11083,1
TRAIN,11093,0
TRAIN,11121,0
TRAIN,11126,0
TRAIN,11130,0
TRAIN,11136,1
TRAIN,11147,1
TRAIN,11149,0
TRAIN,11195,0
TRAIN,11208,0
TRAIN,11266,0
TRAIN,11271,0
TRAIN,11274,0
TRAIN,11286,0
TRAIN,11319,1
TRAIN,11327,0
TRAIN,11331,1
TRAIN,11337,0
TRAIN,11359,0
TRAIN,11362,0
TRAIN,11372,0
TRAIN,11379,0
TRAIN,11381,0
TRAIN,11405,0
TRAIN,11409,0
TRAIN,11461,0
TRAIN,11491,1
TRAIN,11497,0
TRAIN,11516,0
TRAIN,11545,0
TRAIN,11574,0
TRAIN,11609,0
TRAIN,11637,0
TRAIN,11662,0
TRAIN,11676,1
TRAIN,11683,0
TRAIN,11685,0
TRAIN,11686,0
TRAIN,11701,0
TRAIN,11709,0
TRAIN,11713,0
TRAIN,11755,1
TRAIN,11794,0
TRAIN,11804,0
TRAIN,11851,0
TRAIN,11855,0
TRAIN,11866,0
TRAIN,11873,0
TRAIN,11874,0
TRAIN,11886,0
TRAIN,11906,0
TRAIN,11911,0
TRAIN,11943,1
TRAIN,11947,1
TRAIN,11976,0
TRAIN,11978,0
TRAIN,12003,0
TRAIN,12050,0
TRAIN,12079,0
TRAIN,12092,1
TRAIN,12095,0
TRAIN,12102,0
TRAIN,12133,0
TRAIN,12144,0
TRAIN,12163,1
TRAIN,12181,0
TRAIN,12220,0
TRAIN,12303,0
TRAIN,12324,1
TRAIN,12344,1
TRAIN,12358,0
TRAIN,12376,0
TRAIN,12378,0
TRAIN,12396,0
TRAIN,12416,0
TRAIN,12432,0
TRAIN,12464,0
TRAIN,12468,0
TRAIN,12485,0
TRAIN,12490,1
TRAIN,12547,0
TRAIN,12568,1
TRAIN,12577,1
TRAIN,12586,0
TRAIN,12599,0
TRAIN,12625,0
TRAIN,12662,0
TRAIN,12695,0
TRAIN,12726,1
TRAIN,12738,0
TRAIN,12750,0
TRAIN,12754,0
TRAIN,12756,0
TRAIN,12802,0
TRAIN,12840,0
TRAIN,12843,0
TRAIN,12844,0
TRAIN,12850,0
TRAIN,12859,0
TRAIN,12890,0
TRAIN,12908,0
TRAIN,12943,0
TRAIN,12986,1
TRAIN,12991,1
TRAIN,13044,1
TRAIN,13051,0
TRAIN,13071,0
TRAIN,13095,0
TRAIN,13102,1
TRAIN,13113,0
TRAIN,13134,0
TRAIN,13151,1
TRAIN,13172,0
TRAIN,13190,0
TRAIN,13201,0
TRAIN,13231,0
TRAIN,13246,0
TRAIN,13260,0
TRAIN,13261,0
TRAIN,13276,0
TRAIN,13285,0
TRAIN,13290,0
TRAIN,13346,0
TRAIN,13380,0
TRAIN,13404,1
TRAIN,13405,0
TRAIN,13406,1
TRAIN,13412,0
TRAIN,13447,0
TRAIN,13451,0
TRAIN,13468,0
TRAIN,13480,0
TRAIN,13490,0
TRAIN,13539,0
TRAIN,13556,0
TRAIN,13590,0
TRAIN,13603,0
TRAIN,13620,0
TRAIN,13640,0
TRAIN,13657,0
TRAIN,13673,1
TRAIN,13687,0
TRAIN,13690,0
TRAIN,13694,0
TRAIN,13750,0
TRAIN,13803,0
TRAIN,13820,0
TRAIN,13845,0
TRAIN,13852,0
TRAIN,13886,1
TRAIN,13912,0
TRAIN,13915,1
TRAIN,13921,1
TRAIN,13924,0
TRAIN,13931,1
TRAIN,13955,0
TRAIN,13968,0
TRAIN,13971,0
TRAIN,13998,1
